ID,Name,Type,Affiliation,Desc,imgId
1,Бурчик,Уламковий,Розвідка,"Загальна вага - 0,5 кг, Боєприпас М77 - 230 г, Уламки - 170 г, Корпус - 50 г, Вибухова речовина - 40 г(С4)",1burchuk
2,Сокіл-250,Уламковий,Розвідка,"Загальна вага - 0,25 кг, Корпус - 50 г, Уламки - 170 г, Вибухова речовина - 30 г(С4)",2sokil
3,Ф-1,Фугасний,FPV,"Загальна вага - 1 кг, Корпус - 90 г, Вибухова речовина - 910 г(Менол-2)",3fugas1
4,"Ф-1,5",Фугасний,FPV,"Загальна вага - 1,5 кг, Корпус - 100 г, Вибухова речовина - 1400 г(Менол-2)",4fugas15
5,Ф-2,Фугасний,FPV,"Загальна вага - 2 кг, Корпус - 120 г, Вибухова речовина - 1880 г(Менол-2)",5fugas2
6,"Ф-2,5",Фугасний,FPV,"Загальна вага - 2,5 кг, Корпус - 130 г, Вибухова речовина - 2370 г(Менол-2)",6fugas25
7,Міна 60 мм,Уламково-фугасний,FPV,"Загальна вага - 1220 г, Корпус - 1020 г, Вибухова речовина - 200 г",7mina60
8,Міна 82 мм,Уламково-фугасний,FPV,"Загальна вага - 2650 г, Корпус - 2250 г, Вибухова речовина - 400 г",8mina82
9,"УЯ-У-65-0,8",Уламковий,FPV,"Загальна вага - 0,820 кг, маса ВР (с4) - 205 г. Бронепробиття ББМ до 20мм (ударне ядро)",9uyau6508
10,ОФ-1,Уламковий,FPV,"Загальна вага - 1кг, Корпус - 100 г, Уламки (+ епоксид) - 820 г, Вибухова речовина - 80г(С4)",10ulamokKruh1
11,ПГ-7С,Кумулятивний,FPV,"Загальна вага - 880 г. Вибухова речовина - 300 г.",11pg7s
12,ПГ-7Л,Кумулятивний,FPV,"Загальна вага - 1540 г. Вибухова речовина - 500 г.",12pg7l
13,"ОФ-2,5",Уламковий,FPV,"Загальна вага - 2,5 кг, Корпус - 130 г. Уламки (+ епоксид) - 2160 г. Вибухова речовина (С4) - 210 г.",13ulamok25
14,ПТМ-1,Фугасний,FPV,"Загальна вага - 1,6 кг, Вибухова речовина - ПВВ12 - 1100 Г.",14ptm115
15,РКГ-3,Кумулятивний,FPV,"Загальна вага - 800 г. Вибухова речовина - 500 г.",15rkh3800
16,"ОФ-1,3",Уламковий,FPV,"Загальна вага - 1,3 кг, Корпус - 100 г. Уламки (+ епоксид) - 1090 г. Вибухова речовина (С4) - 110 г.",16ulamok1300
17,"ОФ-1,5",Уламковий,FPV,"Загальна вага - 1,5 кг, Корпус - 110 г. Уламки (+ епоксид) - 1270 г. Вибухова речовина (С4) - 120 г.",17ulamok1500
18,"ОФ-2,0",Уламковий,FPV,"Загальна вага - 2 кг, Корпус - 120 г. Уламки (+ епоксид) - 1710 г. Вибухова речовина (С4) - 170 г.",18ulamok2000
19,"ОФ-3,0",Уламковий,FPV,"Загальна вага - 3 кг, Корпус - 140 г. Уламки (+ епоксид) - 2600 г. Вибухова речовина (С4) - 260 г.",19ulamok3000
20,MU-12,Уламковий,FPV,"Загальна вага - 1,2 кг. Кількість уламків - 1700 шт. Радіус суцільного ураження - 25 м",20mu12
21,"УАБК-1,5-А",Уламковий,FPV,"Загальна вага - 1,5 кг, Корпус - 370 г, Уламки - 880 г, Вибухова речовина - 250 г(Анемікс П)",21uabk15
22,"УАБК-2,0-А",Уламковий,FPV,"Загальна вага - 2 кг, Корпус - 520 г, Уламки - 1130 г, Вибухова речовина - 350 г(Анемікс П)",22uabk20
23,"ОЗП/ОПОП-2,5",Запалювальний,FPV,"Загальна вага - 2330 г",23ozpopop
24,"УАБ-2,5-А",Уламковий,Бомбери,"Загальна вага - 2500 г, Вибухова речовина - 445 г(АНЕМІКС-П)",24uab25
25,ПГ-7ВР,Термобаричний,FPV,"Загальна вага - 2690 г",25pg7vr
26,"ОАБ-1,5",Уламковий,Бомбери,"Загальна вага - 1.3 кг, Маса уламків - 480 г, Вибухова речовина - 260 г(ОКФОЛ/А-ІХ-1)",26oab15
27,ОГ-Б1,Уламковий,Бомбери,"Загальна вага - 3,1 кг, Вибухова речовина - 755 г",27ohb1
28,FG-7RTA,Уламковий,Бомбери,"Загальна вага - 1500 г, Вибухова речовина - 192 г, Уламки - 1 кг, Корпус - 280 г",28fg7pta
29,"ФАБ-8,5",Фугасний,Бомбери,"Загальна вага - 8,2 кг, Маса ВР - 6000г (Нітромакс) ",29fab85
30,МОА-120,Уламковий,Бомбери,"Загальна вага - 1590 г, Вибухова речовина - 120 г(ПВРт-22)",30moa120
31,МОА-400,Уламковий,Бомбери,"Загальна вага - 4610 г, Вибухова речовина - 1070 г(ПВРт-22)",31moa400
32,МОА-900,Уламковий,Бомбери,"Загальна вага - 10440 г, Вибухова речовина - 2850 г(ПВРт-22)",32moa900
33,MU-16,Уламковий,FPV,"Загальна вага - 1,6 кг, Кількість уламків - 2240 шт, Радіус суцільного ураження - 30 м",33mu16
34,FG-7RTA,Уламковий,FPV,"Загальна вага - 1,320 кг, Вибухова речовина - 272 г",34fg7rta
35,МОА "Композит" 61/7,Уламковий,FPV,"Загальна вага  - 1,400 кг, Маса уламків - 1,130 кг, Вибухова речовина - 300 г(ПВВ-5А)",35moakompozut617
36,"УАБК-2,5-А",Уламковий,FPV,"Загальна вага - 2,5 кг, Маса уламків - 1400гр, Вибухова речовина - 490 г(АНЕМІКС-П)",36uabk25a
37,"ОФ-3,3",Уламковий,FPV,"Загальна вага - 3,3 кг, Вибухова речовина - 300 г",37ulamok33
38,ПГ-7С1,Кумулятивний,FPV,"Загальна вага - 870 г, Додатковий проміжний детонатор 50 г (Вибухова речовина ПВВ-7)",38pg7s1
39,ПГ-9,Кумулятивний,FPV,"Загальна вага - 950 г, Додатковий проміжний детонатор 50 г (Вибухова речовина ПВВ-7)",39pg9
40,"ТАБ-1,5",Термобаричний,Бомбери,"Загальна вага - 900 г, Маса термобаричної суміші - 300г",40tab15
41,"УАБ-2,0-А",Уламковий,Бомбери,"Загальна вага - 2 кг, Маса уламків - 1012 г, Вибухова речовина - 350 г(Анемікс П)",41uab20a
42,БПБПЛА-ОФ-1100,Уламковий,Бомбери,"Загальна вага - 1,1 кг, Маса ВР - 125 г, Радіус ураження - 10 м, Кількість уламків - 570 шт",42bpbplaof1100
43,ЗБ-1200,Запалювальний,Бомбери,"Загальна вага - 1,2 кг, Температура горіння ≤ 2500°С",43zb1200
44,Сокіл-160,Фугасний,Розвідка,"Загальна вага - 160г, Маса корпусу - 45г, Вибухова речовина - 115г",44sokil160
45,Порошок 2,Вогнегасник,FPV,"Загальна вага - 2 кг",45poroshok2
46,"Порошок 5,5",Вогнегасник,Бомбери,"Загальна вага - 5,5 кг",46poroshok55
47,ЗАЛ-7,Фугасний,Бомбери,"Загальна вага - 8,2 кг, Маса ВР - 6 кг (Нітромакс) ",47zal7
48,ЗАЛ-14,Фугасний,Бомбери,"Загальна вага - 14 кг, Маса ВР - 10 кг (Нітромакс) ",48zal14
49,РКГ-3ЕМ,Уламково-кумулятивний,FPV,"Загальна вага - 2кг, Маса ВР - 500г, Осколкова сорочка - 1250 г",49rkh3em